feature,importance
Total Length (ft),0.32741398472871003
Pier unbraced length (ft),0.29786652434147304
Max Span Length (ft),0.10884806927838273
Bridge Age,0.10580376728942553
Avg Daily Trafic,0.0816283453712728
Pier size/dia (in),0.046190639586521746
Regulatory Speed (mph),0.03224866940421437
