mae,rmse,r2,n_test,model,best_params
8.077578735629121,10.440174981600036,0.7844698169248306,15,random_forest,"{'max_depth': 5, 'n_estimators': 100}"
7.798931551920718,10.803195832715343,0.7692205999755719,15,ridge,{'alpha': 10.0}
7.976812303118518,11.085865315855457,0.7569857513137384,15,svr,"{'C': 10.0, 'epsilon': 1.0, 'kernel': 'rbf'}"
9.697703021416876,12.350676399372874,0.6983703513300294,15,lightgbm,"{'max_depth': 3, 'num_leaves': 7}"
