model,accuracy,precision,recall,f1,best_params
LightGBM (Leashed),0.9857142857142858,0.9833333333333332,1.0,0.9913043478260869,N/A (5-Fold CV)
Logistic Regression,0.9714285714285715,0.9666666666666666,1.0,0.9826086956521738,N/A (5-Fold CV)
Random Forest,0.9714285714285715,0.9666666666666666,1.0,0.9826086956521738,N/A (5-Fold CV)
Support Vector Machine,0.9571428571428573,0.9666666666666666,0.9833333333333332,0.9739130434782608,N/A (5-Fold CV)
